Sequence_ID,Length,GC_Content,EcoRI_Sites,RNA,Protein,Codon_Usage
NC_001133.9,230218,39.27,0,CCACACCACACCCACACACCCACACACCACACCACACACCACACCACACC,PHHTHTPTHHTTHHTTPTHTHPNTTLTQP,"{'CCA': 1257, 'CAC': 890, 'ACC': 889, 'ACA': 1269, 'CCC': 540, 'CAT': 1489, 'CCT': 848, 'AAC': 1277, 'ACT': 1124, 'CTA': 976, 'CAG': 935, 'TAA': 1483, 'TCT': 1479, 'GGC': 634, 'CAA': 1730, 'GTC': 854, 'CTT': 1642, 'CTC': 856, 'TAC': 1041, 'GCC': 684, 'TCC': 892, 'CGT': 685, 'TTC': 1641, 'CCG': 560, 'TTA': 1664, 'ATT': 2106, 'ATC': 1231, 'ATG': 1395, 'TCA': 1652, 'TGT': 1339, 'GAA': 2047, 'ACG': 744, 'AAT': 2177, 'GAT': 1494, 'AAA': 2925, 'GCT': 961, 'GTA': 1318, 'TGA': 1467, 'TTT': 2899, 'CGC': 405, 'CGG': 470, 'TAT': 1720, 'ATA': 1745, 'AGA': 1377, 'TGG': 1051, 'AGT': 1137, 'TGC': 930, 'AGC': 858, 'GGT': 974, 'GTG': 1016, 'GTT': 1543, 'TTG': 1797, 'GCA': 1137, 'TAG': 862, 'GCG': 476, 'CGA': 636, 'AGG': 873, 'GAC': 830, 'GAG': 965, 'TCG': 697, 'CTG': 1061, 'AAG': 1576, 'GGA': 1009, 'GGG': 500}"
NC_001134.8,813184,38.34,0,AAAUAGCCCUCAUGUACGUCUCCUCCAAGCCCUGUUGUCUCUUACCCGGA,K,"{'AAA': 10607, 'TAG': 3352, 'CCC': 1789, 'TCA': 5515, 'TGT': 4583, 'ACG': 2261, 'TCT': 5772, 'CCT': 3122, 'CCA': 4225, 'AGC': 3328, 'GTT': 4917, 'GTC': 2638, 'TAC': 3839, 'CCG': 1567, 'GAT': 4681, 'CAA': 6141, 'GCT': 3167, 'ACT': 4091, 'CTT': 6040, 'TAT': 6244, 'TTT': 10841, 'ATG': 4761, 'AGG': 3100, 'TTG': 6352, 'TCG': 2478, 'CAC': 2896, 'CTC': 3136, 'GCC': 2118, 'GTG': 2792, 'ACA': 4705, 'CTA': 3464, 'AAT': 7998, 'AAC': 5009, 'GAA': 6239, 'ATA': 6701, 'CAT': 5047, 'GCA': 3369, 'TCC': 3444, 'TGA': 5282, 'TAA': 5761, 'TTC': 6624, 'CGA': 2332, 'ATC': 4941, 'ACC': 3410, 'TGG': 4041, 'CAG': 3349, 'CGC': 1446, 'GTA': 3902, 'CGT': 2344, 'TGC': 3347, 'GAG': 3033, 'AAG': 5743, 'CTG': 3455, 'ATT': 7874, 'CGG': 1538, 'AGA': 5280, 'GGT': 3115, 'GAC': 2752, 'GGA': 3509, 'GCG': 1522, 'AGT': 4304, 'GGC': 2229, 'GGG': 1762, 'TTA': 5837}"
NC_001135.5,316620,38.53,0,CCCACACACCACACCCACACCACACCCACACACCACACACACCACACCCA,PTHHTHTTPTHHTHHTHTPTPHHTHTTPTHPHPHTTPTHTTPTHTHTHTP,"{'CCC': 728, 'ACA': 1945, 'CAC': 1339, 'ACC': 1286, 'CCA': 1715, 'TAA': 2149, 'TAC': 1650, 'CCT': 1183, 'AAC': 2036, 'ACT': 1608, 'CTA': 1389, 'TTC': 2431, 'TGA': 2042, 'TTT': 3796, 'CTG': 1354, 'TCT': 2150, 'TTA': 2371, 'CTC': 1241, 'TCC': 1371, 'ATT': 2985, 'TCG': 934, 'TGT': 1814, 'CAA': 2694, 'CCG': 613, 'ATC': 1858, 'CTT': 2289, 'ATA': 2703, 'GTT': 1822, 'GTA': 1455, 'GCT': 1233, 'GAC': 1046, 'CAT': 2028, 'GTC': 1002, 'TTG': 2290, 'GAA': 2408, 'ACG': 950, 'AAT': 3053, 'GAT': 1727, 'CGT': 945, 'AAA': 4155, 'TAT': 2509, 'GCC': 827, 'GGT': 1288, 'TCA': 2196, 'AGT': 1618, 'TGC': 1265, 'CGC': 615, 'ATG': 2022, 'GGC': 791, 'AGC': 1132, 'GTG': 1118, 'GCG': 574, 'CGG': 634, 'GCA': 1308, 'GAG': 1137, 'CAG': 1371, 'AGA': 2041, 'GGA': 1308, 'AGG': 1226, 'TAG': 1299, 'GGG': 681, 'CGA': 982, 'TGG': 1522, 'AAG': 2288}"
NC_001136.10,1531933,37.91,0,ACACCACACCCACACCACACCCACACACACCACACCCACACACCACACCC,TPHPHHTHTHHTHTPHPHPHTHTHTPHTTPHHTHTHTTPTPTHHTHTHTP,"{'ACA': 8865, 'CCA': 7592, 'CAC': 5195, 'ACC': 6108, 'CCC': 3308, 'ACT': 7726, 'CCT': 5665, 'AAC': 9153, 'CTA': 6563, 'TTC': 11955, 'TAA': 11180, 'TGA': 10444, 'TTT': 20213, 'TAC': 7245, 'CTG': 6293, 'TCT': 10317, 'TCA': 10392, 'CAT': 9475, 'TCC': 6572, 'CTC': 5478, 'GTT': 9319, 'ATC': 9241, 'CAA': 11741, 'CTT': 10884, 'CGT': 4326, 'CCG': 2756, 'TTA': 11637, 'AAT': 15177, 'TAT': 12342, 'TGT': 8855, 'ATA': 12611, 'TTG': 11907, 'AAA': 20325, 'ATG': 9404, 'GTA': 6962, 'GCC': 3831, 'TGC': 6189, 'GTC': 4743, 'CGC': 2756, 'CGG': 2867, 'CAG': 6356, 'ATT': 15231, 'GCA': 6268, 'CGA': 4373, 'TGG': 7593, 'AGT': 7971, 'GAC': 4809, 'GCT': 5961, 'TAG': 6718, 'ACG': 4473, 'GAT': 9017, 'GAA': 12525, 'GGG': 3162, 'GCG': 2819, 'AGC': 5833, 'AGA': 10680, 'GAG': 5754, 'GGT': 5871, 'GTG': 5390, 'AGG': 6106, 'GGA': 6277, 'AAG': 11205, 'TCG': 4731, 'GGC': 3909}"
NC_001137.3,576874,38.51,0,CGUCUCCUCCAAGCCCUGUUGUCUCUUACCCGGAUGUUCAACCAAAAGCU,RLLQALLSLTRMFNQKLLTTFILCLLFIDCLFILLFPTCLSLLPCNKH,"{'CGT': 1771, 'CTC': 2080, 'CAA': 4157, 'GCC': 1541, 'CTG': 2483, 'TTG': 4524, 'TCT': 3920, 'CTT': 3990, 'ACC': 2074, 'CGG': 1192, 'ATG': 3464, 'TTC': 4278, 'AAC': 3501, 'AAG': 4371, 'CTA': 2512, 'ACT': 2954, 'TTT': 7505, 'ATT': 5415, 'TTA': 4354, 'TGT': 3434, 'ATA': 4436, 'GAT': 3372, 'ATC': 3198, 'CCC': 1335, 'TCG': 1834, 'CCG': 1234, 'TGC': 2441, 'AAA': 7374, 'CAC': 2046, 'TAA': 4117, 'ACA': 3221, 'GTG': 2263, 'TAC': 2821, 'ACG': 1720, 'CAT': 3682, 'TAG': 2577, 'TAT': 4959, 'GAC': 1889, 'AAT': 5685, 'CCA': 2718, 'GAA': 4495, 'AGT': 2898, 'TCA': 3987, 'GGA': 2377, 'TCC': 2409, 'AGC': 2098, 'TGA': 3892, 'GCT': 2277, 'GGT': 2337, 'GCA': 2379, 'GCG': 1198, 'AGA': 3826, 'CGA': 1770, 'GTT': 3464, 'CCT': 2174, 'GAG': 2279, 'AGG': 2240, 'GTC': 1806, 'GGC': 1504, 'GGG': 1329, 'GTA': 2664, 'CGC': 1116, 'TGG': 2876, 'CAG': 2454}"
NC_001138.5,270161,38.73,0,GAUCUCGCAAGUGCAUUCCUAGACUUAAUUCAUAUCUGCUCCUCAACUGU,DLASAFLDLIHICSSTVDDAC,"{'GAT': 1463, 'CTC': 1076, 'GCA': 1118, 'AGT': 1376, 'TTC': 2199, 'CTA': 967, 'GAC': 896, 'TTA': 1694, 'ATT': 2574, 'CAT': 1673, 'ATC': 1713, 'TGC': 1288, 'TCC': 1175, 'TCA': 1674, 'ACT': 1331, 'GTC': 942, 'GCC': 707, 'TAA': 2211, 'GCT': 1010, 'TGA': 2224, 'CGT': 771, 'GCG': 491, 'CCT': 1024, 'CAG': 1069, 'CGC': 577, 'TCG': 788, 'TGG': 1348, 'AAC': 1548, 'GAA': 2211, 'AAA': 3424, 'CAA': 2121, 'CTT': 1971, 'TCT': 1851, 'CGA': 1007, 'CCA': 1281, 'AGA': 2020, 'CCG': 491, 'TAT': 2232, 'TTG': 1899, 'CCC': 616, 'GGC': 791, 'TTT': 3547, 'CTG': 1079, 'CAC': 995, 'ATA': 2054, 'AAT': 2448, 'ACA': 1547, 'GGA': 1435, 'TAG': 1193, 'GGT': 1031, 'ACC': 1140, 'AAG': 1848, 'GTA': 1217, 'GAG': 888, 'ATG': 1431, 'TGT': 1566, 'GTG': 907, 'ACG': 716, 'AGC': 1027, 'TAC': 1256, 'GTT': 1656, 'CGG': 573, 'AGG': 1058, 'GGG': 599}"
NC_001139.9,1090940,38.06,0,CCACACCCACACACACCACACCCACACCCACACACUACCCUAACACUACC,PHPHTPHPHPHTTLTLP,"{'CCA': 5444, 'CAC': 3826, 'ACA': 6415, 'ACT': 5464, 'ACC': 4173, 'CTA': 4696, 'CCC': 2432, 'TAA': 8283, 'TAT': 9068, 'TCT': 7261, 'AAC': 6409, 'GAT': 6424, 'CAA': 8427, 'CCT': 4141, 'TTA': 8239, 'TCC': 4766, 'ATT': 10888, 'TCG': 3375, 'TGT': 6200, 'TTC': 8620, 'TAC': 5250, 'CAT': 6549, 'CTC': 3919, 'GCC': 2898, 'CGT': 3111, 'ATA': 8743, 'GTT': 6520, 'TTG': 8205, 'AAA': 14265, 'ATC': 6362, 'GTA': 5044, 'AAT': 10569, 'CTT': 7668, 'ATG': 6615, 'TAG': 4605, 'TCA': 7723, 'TGA': 7820, 'GTC': 3333, 'CGC': 2060, 'CGG': 1977, 'CAG': 4492, 'GGC': 2802, 'AGC': 4082, 'TTT': 14389, 'TGC': 4550, 'ACG': 3227, 'AGA': 7562, 'GAA': 8815, 'AGT': 5404, 'AAG': 7820, 'GCT': 4269, 'GGA': 4740, 'GTG': 3645, 'GGT': 4275, 'GCA': 4634, 'GAG': 3937, 'GCG': 2025, 'AGG': 3997, 'TGG': 5541, 'GAC': 3467, 'CGA': 3257, 'CTG': 4422, 'CCG': 2077, 'GGG': 2430}"
NC_001140.6,562643,38.5,0,CCCACACACACCACACCCACACACCACACCCACACUUUUCACAUCUACCU,PTHTTPTHHTHTFHIYLYSRCHSLPGFLTEIKKKKMKMKPCSLALQHFYI,"{'CCC': 1291, 'ACA': 3288, 'CAC': 2038, 'ACC': 2228, 'ACT': 2911, 'TTT': 7270, 'ATC': 3287, 'TAC': 2800, 'CTC': 2091, 'TCT': 3676, 'CGC': 1036, 'TGT': 3261, 'TCC': 2547, 'TTA': 4079, 'GGC': 1436, 'CTG': 2443, 'GAA': 4692, 'ATT': 5365, 'AAA': 7476, 'ATG': 3431, 'GCC': 1567, 'CTA': 2466, 'CAA': 4396, 'TTC': 4335, 'ATA': 4559, 'AAT': 5270, 'AGC': 2080, 'CCT': 2140, 'TAG': 2344, 'TCA': 3853, 'ACG': 1682, 'CCA': 2813, 'GTT': 3255, 'GTC': 1833, 'CCG': 1065, 'GAT': 3289, 'GCT': 2235, 'CTT': 3924, 'TAT': 4615, 'AGG': 2136, 'TTG': 4201, 'GTG': 2047, 'AAC': 3509, 'AGT': 2821, 'CAT': 3509, 'TAA': 3942, 'GCA': 2498, 'TGA': 3640, 'TCG': 1801, 'CGA': 1613, 'TGG': 2664, 'CAG': 2469, 'GTA': 2637, 'CGG': 1103, 'CGT': 1690, 'TGC': 2408, 'GAG': 2128, 'AAG': 4094, 'AGA': 3603, 'GGT': 2139, 'GAC': 1852, 'GGA': 2306, 'GCG': 1083, 'GGG': 1287}"
NC_001141.2,439888,38.9,0,CACACACACCACACCCACACCACACCACACCACACCCACACCCACACACA,HTHHTHTTPHHTHTHTHHTHTPHPHQLSLIYLYSRCHTLPGFLTEIKKNE,"{'CAC': 1662, 'ACA': 2532, 'ACC': 1742, 'CCA': 2214, 'CAA': 3246, 'CTC': 1633, 'TCT': 2931, 'ATC': 2491, 'TAC': 2090, 'CTT': 3178, 'TCG': 1266, 'CGC': 848, 'TGT': 2530, 'TTA': 2992, 'CCC': 1086, 'GGC': 1236, 'TTT': 5703, 'CTG': 1933, 'GAA': 3403, 'ATT': 4199, 'AAA': 5589, 'AAT': 4169, 'TTC': 3632, 'AGC': 1855, 'CCT': 1659, 'CAT': 2612, 'TAG': 1823, 'TAA': 3206, 'ATA': 3399, 'GCC': 1160, 'GTC': 1555, 'TCC': 1908, 'AAG': 3045, 'TAT': 3332, 'TGA': 3127, 'GGA': 1852, 'GTT': 2543, 'TCA': 2796, 'GCT': 1739, 'ACT': 2209, 'ATG': 2476, 'AGA': 3116, 'TTG': 3336, 'GTG': 1571, 'CTA': 1859, 'AAC': 2734, 'AGT': 2452, 'GCA': 1967, 'GAC': 1497, 'CGT': 1271, 'CCG': 854, 'GGT': 1826, 'GCG': 887, 'ACG': 1336, 'TGC': 1894, 'CGA': 1389, 'GAG': 1629, 'AGG': 1663, 'GAT': 2554, 'GGG': 1032, 'GTA': 2209, 'TGG': 2240, 'CAG': 1845, 'CGG': 867}"
NC_001142.9,745751,38.37,0,CCCACACACACACCACACCCACACCCACACACACCACACCCACACACCAC,PTHTPHPHPHTPHPHTTPTPTLSHLPLLALSHLTRLSDRN,"{'CCC': 1620, 'ACA': 4444, 'CAC': 2616, 'CCA': 3753, 'ACC': 2776, 'ACT': 3979, 'CTC': 2732, 'TCT': 4874, 'CAT': 4581, 'CTA': 3242, 'CCT': 2784, 'TTA': 5525, 'GCG': 1453, 'CTG': 3233, 'TCA': 5134, 'CTT': 5151, 'CGG': 1395, 'GAC': 2458, 'CGA': 2167, 'AAT': 7281, 'TAA': 5400, 'AAA': 9845, 'TGA': 4862, 'GTT': 4350, 'TAG': 3170, 'TAC': 3433, 'AAC': 4530, 'TTT': 9217, 'ATA': 6346, 'GCC': 1912, 'AGC': 2809, 'CGT': 2212, 'CAA': 5478, 'TTG': 5930, 'AGT': 3959, 'TTC': 5815, 'AAG': 5594, 'TAT': 5759, 'GTC': 2374, 'TCC': 3150, 'GCA': 3237, 'CGC': 1418, 'TGC': 2972, 'CAG': 3138, 'AGA': 4855, 'TCG': 2496, 'GCT': 2942, 'ATC': 4335, 'TGG': 3724, 'GTG': 2852, 'GTA': 3697, 'GAG': 2832, 'ATG': 4975, 'CCG': 1536, 'TGT': 4187, 'ATT': 7238, 'GAA': 5769, 'GGT': 2906, 'GGA': 3084, 'ACG': 2295, 'GAT': 4332, 'GGC': 1903, 'AGG': 2854, 'GGG': 1663}"
NC_001143.9,666816,38.07,0,CACCACACCCACACACCACACCCACACACACACCACACCCACACACCACA,HHTHTPHPHTHHTHTPHPHTTPTTLTLF,"{'CAC': 2277, 'ACC': 2489, 'ACA': 3791, 'CCA': 3263, 'CCC': 1470, 'ACT': 3276, 'CTA': 2931, 'TTC': 5602, 'TAA': 5000, 'TCC': 3026, 'AAC': 4113, 'CCT': 2579, 'GAT': 3969, 'CAA': 5237, 'GTC': 2153, 'AAA': 8799, 'CTC': 2452, 'TTA': 4897, 'TAC': 3123, 'CGT': 1865, 'GCC': 1721, 'CAT': 4024, 'TCT': 4580, 'TGT': 3808, 'CAG': 2840, 'ATT': 6407, 'TGC': 2919, 'ATC': 3920, 'GTA': 3124, 'CTG': 2921, 'TTG': 5126, 'TAT': 5344, 'TGA': 4435, 'GTT': 3988, 'TCG': 2064, 'ATA': 5402, 'AAT': 6712, 'ATG': 4183, 'TCA': 4527, 'CTT': 4831, 'GGT': 2371, 'CGC': 1207, 'CGG': 1140, 'TGG': 3305, 'AGT': 3255, 'CGA': 1949, 'GGC': 1721, 'AGC': 2631, 'GTG': 2364, 'TTT': 8811, 'GCT': 2433, 'GCA': 2672, 'GCG': 1281, 'GAC': 2199, 'GGA': 2688, 'GAA': 5181, 'CCG': 1317, 'AGG': 2568, 'AGA': 4454, 'TAG': 2870, 'ACG': 1953, 'GGG': 1435, 'GAG': 2388, 'AAG': 4891}"
NC_001144.5,1078177,38.48,0,CACACACACACACCACCCACACACCACACCACACACCACACCACACACCA,HTHTPPTHHTTHHTTHHTTPTHPHTLFTSTSTLAVIPYPAF,"{'CAC': 3899, 'ACA': 6013, 'CCA': 5240, 'CCC': 2429, 'ACC': 4413, 'CTT': 7897, 'TTC': 9147, 'TCT': 7220, 'ACT': 5267, 'CTC': 4301, 'GCT': 3937, 'GTC': 3831, 'ATA': 8529, 'CCT': 3932, 'TAC': 5007, 'CCG': 2094, 'TGA': 7392, 'AAA': 13685, 'TTA': 7515, 'AAC': 6523, 'GTT': 6609, 'TAG': 4775, 'AGC': 4394, 'TAA': 8098, 'GCC': 2868, 'CTA': 4366, 'AAT': 10452, 'CAT': 6590, 'GTA': 5135, 'CGT': 3169, 'CAA': 8401, 'CTG': 4630, 'TTG': 8378, 'CGG': 2114, 'ATG': 6450, 'AAG': 7802, 'TTT': 14045, 'ATT': 10388, 'TGT': 6135, 'GAT': 6047, 'ATC': 6933, 'TCG': 3230, 'TGC': 4590, 'GTG': 3897, 'ACG': 3134, 'TAT': 8567, 'GAC': 3523, 'GAA': 8475, 'AGT': 5590, 'TCA': 6795, 'GGA': 4580, 'CAG': 4362, 'CGC': 2159, 'GGT': 4009, 'GCA': 4212, 'GCG': 1987, 'AGA': 7426, 'TCC': 4590, 'CGA': 3319, 'AGG': 4206, 'GGC': 2907, 'GGG': 2432, 'TGG': 5360, 'GAG': 3992}"
NC_001145.3,924431,38.2,0,CCACACACACACCACACCCACACCACACCCACACCCACACCCACACCCAC,PHTHHTHTTPTPTPTPTLFTSIFTLAVTPYPAF,"{'CCA': 4679, 'CAC': 3064, 'ACA': 5307, 'ACC': 3788, 'CCC': 2071, 'CTT': 6590, 'TTC': 7557, 'TCT': 6297, 'ATC': 5535, 'TTT': 12156, 'ACT': 4551, 'CTC': 3516, 'GCT': 3358, 'GTC': 3012, 'CCT': 3463, 'TAC': 4402, 'CCG': 1789, 'TGA': 6118, 'AAA': 12115, 'TTA': 6784, 'AAT': 9155, 'GAA': 7531, 'CTG': 3667, 'AGC': 3636, 'GCA': 3835, 'CTA': 3892, 'CAT': 5399, 'TAG': 3888, 'TAA': 6756, 'ATA': 7621, 'GCC': 2496, 'ATG': 5747, 'TCC': 3995, 'AAG': 6700, 'TGT': 5199, 'GGA': 3918, 'TCA': 6330, 'TAT': 7352, 'GTT': 5585, 'ATT': 8898, 'CGC': 1654, 'TGC': 3873, 'CGT': 2491, 'AAC': 5783, 'CAG': 3729, 'AGA': 6220, 'CAA': 7043, 'GTA': 4395, 'TCG': 2892, 'GCG': 1723, 'CGA': 2721, 'TTG': 7152, 'GTG': 3280, 'GAT': 5564, 'GGG': 1987, 'AGT': 4639, 'GAC': 3013, 'TGG': 4533, 'GGC': 2594, 'GGT': 3599, 'GAG': 3586, 'ACG': 2741, 'CGG': 1662, 'AGG': 3517}"
NC_001146.8,784333,38.64,0,CCGGCUUUCUGACCGAAAUUAAAAAAAAAAAAUGAAAAUGAAACCCUGUU,PAF,"{'CCG': 1597, 'GCT': 2888, 'TTC': 6214, 'TGA': 5261, 'AAA': 10132, 'TTA': 5545, 'AAT': 7541, 'GAA': 5925, 'ACC': 3041, 'CTG': 3508, 'TTT': 9990, 'AGC': 2914, 'CCT': 2927, 'ACA': 4594, 'GCA': 3229, 'CTT': 5631, 'CTA': 3544, 'CAT': 4829, 'TAG': 3599, 'CCC': 1826, 'TAA': 5590, 'ATA': 6300, 'GCC': 2061, 'CTC': 2904, 'ATG': 4991, 'TAC': 3806, 'GTC': 2543, 'TCC': 3310, 'AAG': 5698, 'TGT': 4378, 'GGA': 3261, 'TCA': 5139, 'TAT': 6231, 'GTT': 4646, 'ATT': 7331, 'TCT': 5158, 'CCA': 3966, 'CGC': 1479, 'TGC': 3278, 'CGT': 2366, 'AAC': 4703, 'ACT': 3903, 'CAG': 3409, 'AGA': 5394, 'CAA': 6191, 'CAC': 3016, 'GTA': 3767, 'TCG': 2427, 'ATC': 4494, 'GCG': 1509, 'CGA': 2477, 'TTG': 6099, 'GTG': 2902, 'GAT': 4496, 'GGG': 1739, 'AGT': 3989, 'GAC': 2622, 'TGG': 3989, 'GGC': 2067, 'GGT': 2997, 'GAG': 2897, 'ACG': 2483, 'CGG': 1653, 'AGG': 3050}"
NC_001147.6,1091291,38.16,0,ACACCACACCCACACCACACCCACACCCACACACCACACCCACACACACA,TPHPHHTHTHTPHPHTHTHHTHTHPHTTPHPHTTHTHTTLP,"{'ACA': 6494, 'CCA': 5293, 'CAC': 3848, 'ACC': 4214, 'CTA': 4886, 'CCC': 2536, 'TAA': 7865, 'TCT': 7450, 'AAC': 6712, 'CCT': 4041, 'GTC': 3487, 'CAA': 8392, 'TCC': 4733, 'AAA': 14691, 'CTT': 7572, 'CTC': 4099, 'CAT': 6549, 'TAC': 5146, 'GTT': 6523, 'CTG': 4489, 'TTA': 8452, 'ATA': 9054, 'CAG': 4697, 'CGA': 3368, 'ACG': 3248, 'ATC': 6453, 'ACT': 5582, 'CGT': 3149, 'TGC': 4492, 'GTA': 5292, 'TTG': 8406, 'TTC': 8646, 'TAT': 8689, 'TGA': 7086, 'GCT': 4128, 'TCG': 3292, 'AAT': 10668, 'ATT': 10581, 'GAT': 6388, 'ATG': 6980, 'GCC': 2885, 'GGA': 4543, 'AGT': 5397, 'TCA': 7290, 'TGG': 5248, 'GCA': 4536, 'GCG': 1990, 'TTT': 14104, 'CCG': 2140, 'TGT': 6034, 'AGA': 7367, 'GAA': 8651, 'TAG': 4643, 'GTG': 3759, 'GGT': 4243, 'GGG': 2436, 'AGG': 4106, 'AGC': 4154, 'AAG': 8048, 'GGC': 2948, 'CGC': 2081, 'GAC': 3506, 'GAG': 3892, 'CGG': 2091}"
NC_001148.4,948066,38.06,0,AAAUAGCCCUCAUGUACGUCUCCUCCAAGCCCUGUUGUCUCUUACCCGGA,K,"{'AAA': 12482, 'TAG': 3919, 'CCC': 2149, 'TCA': 6262, 'TGT': 5330, 'ACG': 2541, 'TCT': 6679, 'CCT': 3545, 'CCA': 4577, 'AGC': 3632, 'GTT': 5897, 'GTC': 3119, 'TAC': 4471, 'CCG': 1768, 'GAT': 5748, 'CAA': 7270, 'GCT': 3886, 'ACT': 4789, 'CTT': 6783, 'TAT': 7531, 'TTT': 12358, 'ATG': 5703, 'AGA': 6609, 'TTG': 7379, 'TCC': 4125, 'CAC': 3266, 'CTC': 3594, 'GCC': 2568, 'GTG': 3297, 'ACA': 5307, 'CTA': 3983, 'AAT': 9646, 'AAC': 5985, 'AGT': 4779, 'GAA': 7697, 'ATA': 7786, 'CAT': 5705, 'GCA': 3936, 'ATT': 9412, 'TGA': 6159, 'TCG': 2737, 'TAA': 6979, 'TTC': 7503, 'CGA': 2748, 'ATC': 5714, 'ACC': 3568, 'TGG': 4612, 'CAG': 3758, 'CGC': 1755, 'GTA': 4477, 'CGG': 1679, 'CGT': 2639, 'TGC': 4010, 'GAG': 3638, 'AAG': 6883, 'CTG': 3780, 'GGT': 3740, 'GAC': 3219, 'GGA': 4060, 'GCG': 1786, 'GGC': 2467, 'AGG': 3618, 'GGG': 2013, 'TTA': 6967}"
NC_001224.1,85779,17.11,0,UUCAUAAUUAAUUUUUUAUAUAUAUAUUAUAUUAUAAUAUUAAUUUAUAU,FIINFLYIYYIIILIYIIKIIFIIKIFILLSGFRLPWPGPGIIN,"{'TTC': 304, 'ATA': 3412, 'ATT': 2242, 'AAT': 2316, 'TTT': 1427, 'TTA': 2176, 'TAT': 3067, 'AAA': 1585, 'CTC': 133, 'CTT': 315, 'TCG': 55, 'GGG': 231, 'CGG': 168, 'CCG': 168, 'TGG': 148, 'GGC': 77, 'CCC': 232, 'GGA': 210, 'TAA': 2397, 'CAT': 237, 'AAG': 422, 'ATG': 339, 'ACA': 142, 'ATC': 279, 'AGT': 238, 'GAA': 306, 'TAC': 226, 'TCC': 182, 'AGG': 179, 'GGT': 162, 'GTC': 96, 'ACT': 218, 'CCT': 135, 'CAC': 94, 'TCT': 227, 'GTA': 339, 'GAT': 275, 'AGA': 309, 'AGC': 83, 'CAA': 212, 'CGC': 49, 'GAG': 142, 'GAC': 85, 'CTA': 262, 'GTT': 281, 'CTG': 97, 'ACC': 148, 'TCA': 199, 'TGA': 236, 'GCG': 47, 'TTG': 261, 'AAC': 215, 'TAG': 313, 'CCA': 93, 'GCC': 83, 'CGA': 81, 'CAG': 83, 'TGT': 166, 'ACG': 59, 'GTG': 100, 'GCA': 49, 'CGT': 50, 'GCT': 63, 'TGC': 68}"
